<?xml version="1.0" encoding="UTF-8"?>
<XMI timestamp="2018-03-16T23:31:33" xmlns:UML="http://schema.omg.org/spec/UML/1.3" xmi.version="1.2" verified="false">
 <XMI.header>
  <XMI.documentation>
   <XMI.exporter>umbrello uml modeller http://umbrello.kde.org</XMI.exporter>
   <XMI.exporterVersion>1.6.9</XMI.exporterVersion>
   <XMI.exporterEncoding>UnicodeUTF8</XMI.exporterEncoding>
  </XMI.documentation>
  <XMI.metamodel xmi.name="UML" xmi.version="1.3" href="UML.xml"/>
 </XMI.header>
 <XMI.content>
  <UML:Model xmi.id="m1" name="UML Model" isSpecification="false" isRoot="false" isLeaf="false" isAbstract="false">
   <UML:Namespace.ownedElement>
    <UML:Stereotype xmi.id="folder" name="folder" isSpecification="false" visibility="public" isLeaf="false" isRoot="false" isAbstract="false" namespace="m1"/>
    <UML:Stereotype xmi.id="datatype" name="datatype" isSpecification="false" visibility="public" isLeaf="false" isRoot="false" isAbstract="false" namespace="m1"/>
    <UML:Model xmi.id="Logical View" name="Logical View" isSpecification="false" visibility="public" isLeaf="false" isRoot="false" isAbstract="false" namespace="m1">
     <UML:Namespace.ownedElement>
      <UML:Package xmi.id="Datatypes" name="Datatypes" stereotype="folder" isSpecification="false" visibility="public" isLeaf="false" isRoot="false" isAbstract="false" namespace="Logical View">
       <UML:Namespace.ownedElement>
        <UML:DataType xmi.id="zNmiiUs9QTet" name="int" stereotype="datatype" isSpecification="false" visibility="public" isLeaf="false" isRoot="false" isAbstract="false" namespace="Datatypes"/>
        <UML:DataType xmi.id="KpV3QxYH8KbY" name="char" stereotype="datatype" isSpecification="false" visibility="public" isLeaf="false" isRoot="false" isAbstract="false" namespace="Datatypes"/>
        <UML:DataType xmi.id="g7bRUYeUuQCc" name="bool" stereotype="datatype" isSpecification="false" visibility="public" isLeaf="false" isRoot="false" isAbstract="false" namespace="Datatypes"/>
        <UML:DataType xmi.id="t4jJVNApCgqb" name="float" stereotype="datatype" isSpecification="false" visibility="public" isLeaf="false" isRoot="false" isAbstract="false" namespace="Datatypes"/>
        <UML:DataType xmi.id="dOsjiUINbto3" name="double" stereotype="datatype" isSpecification="false" visibility="public" isLeaf="false" isRoot="false" isAbstract="false" namespace="Datatypes"/>
        <UML:DataType xmi.id="PSXJrhtijc1C" name="short" stereotype="datatype" isSpecification="false" visibility="public" isLeaf="false" isRoot="false" isAbstract="false" namespace="Datatypes"/>
        <UML:DataType xmi.id="yB1ApqlQEcAv" name="long" stereotype="datatype" isSpecification="false" visibility="public" isLeaf="false" isRoot="false" isAbstract="false" namespace="Datatypes"/>
        <UML:DataType xmi.id="6QGfH4igVEyK" name="unsigned int" stereotype="datatype" isSpecification="false" visibility="public" isLeaf="false" isRoot="false" isAbstract="false" namespace="Datatypes"/>
        <UML:DataType xmi.id="tr2bS1nQAnYy" name="unsigned short" stereotype="datatype" isSpecification="false" visibility="public" isLeaf="false" isRoot="false" isAbstract="false" namespace="Datatypes"/>
        <UML:DataType xmi.id="dIOpuWkyuybB" name="unsigned long" stereotype="datatype" isSpecification="false" visibility="public" isLeaf="false" isRoot="false" isAbstract="false" namespace="Datatypes"/>
        <UML:DataType xmi.id="3JsWVooNfoy5" name="string" stereotype="datatype" isSpecification="false" visibility="public" isLeaf="false" isRoot="false" isAbstract="false" namespace="Datatypes"/>
        <UML:DataType xmi.id="RCHcvpZUJAqA" name="Library&amp;" stereotype="datatype" isSpecification="false" visibility="public" isLeaf="false" isRoot="false" isAbstract="false" elementReference="7ggduyQk6ehb" namespace="Datatypes"/>
        <UML:DataType xmi.id="xccJ39Mhamcr" name="Controller*" stereotype="datatype" isSpecification="false" visibility="public" isLeaf="false" isRoot="false" isAbstract="false" elementReference="qAEzVLIu7Ulk" namespace="Datatypes"/>
        <UML:DataType xmi.id="RPlhbYGOChcU" name="Vector&lt;Publication>" stereotype="datatype" isSpecification="false" visibility="public" isLeaf="false" isRoot="false" isAbstract="false" elementReference="pny8ZlAq2rj7" namespace="Datatypes"/>
        <UML:DataType xmi.id="fNLBpIGpVh1R" name="Vector&lt;Patron>" stereotype="datatype" isSpecification="false" visibility="public" isLeaf="false" isRoot="false" isAbstract="false" elementReference="pny8ZlAq2rj7" namespace="Datatypes"/>
       </UML:Namespace.ownedElement>
      </UML:Package>
      <UML:Class xmi.id="pjVxW2v9KIzC" name="Age" isSpecification="false" visibility="public" isLeaf="false" isRoot="false" isAbstract="false" namespace="Logical View">
       <UML:Classifier.feature>
        <UML:Attribute xmi.id="gI6mxOMfW1pw" name="children" isSpecification="false" visibility="private" type="zNmiiUs9QTet"/>
        <UML:Attribute xmi.id="Xu2yheCM8L8G" name="teen" isSpecification="false" visibility="private" type="zNmiiUs9QTet"/>
        <UML:Attribute xmi.id="I3oJ6FCmVHYT" name="adult" isSpecification="false" visibility="private" type="zNmiiUs9QTet"/>
        <UML:Attribute xmi.id="fs6Ctt6Pm6NT" name="restricted" isSpecification="false" visibility="private" type="zNmiiUs9QTet"/>
        <UML:Operation xmi.id="kaqttw7CzvT5" name="Age" isQuery="false" isSpecification="false" visibility="public" isLeaf="false" isRoot="false" isAbstract="false">
         <UML:BehavioralFeature.parameter>
          <UML:Parameter xmi.id="8eqevM5aFBk6" name="val" isSpecification="false" visibility="private" value="" type="zNmiiUs9QTet"/>
         </UML:BehavioralFeature.parameter>
        </UML:Operation>
       </UML:Classifier.feature>
      </UML:Class>
      <UML:Class xmi.id="WzrAnpDaWjV3" name="Genre" isSpecification="false" visibility="public" isLeaf="false" isRoot="false" isAbstract="false" namespace="Logical View">
       <UML:Classifier.feature>
        <UML:Attribute xmi.id="aUPmRP7puqAJ" name="fiction" isSpecification="false" visibility="private" type="zNmiiUs9QTet"/>
        <UML:Attribute xmi.id="AFqv3lG0UqV0" name="non_fiction" isSpecification="false" visibility="private" type="zNmiiUs9QTet"/>
        <UML:Attribute xmi.id="LSp4W0s5VHrw" name="selfhelp" isSpecification="false" visibility="private" type="zNmiiUs9QTet"/>
        <UML:Attribute xmi.id="gykansrv7gqA" name="performance" isSpecification="false" visibility="private" type="zNmiiUs9QTet"/>
        <UML:Operation xmi.id="P48tudtF5hIc" name="Genre" isQuery="false" isSpecification="false" visibility="public" isLeaf="false" isRoot="false" isAbstract="false">
         <UML:BehavioralFeature.parameter>
          <UML:Parameter xmi.id="hAhAPW56TpeG" name="val" isSpecification="false" visibility="private" value="" type="zNmiiUs9QTet"/>
         </UML:BehavioralFeature.parameter>
        </UML:Operation>
       </UML:Classifier.feature>
      </UML:Class>
      <UML:Class xmi.id="2z82fJWAGLI1" name="Media" isSpecification="false" visibility="public" isLeaf="false" isRoot="false" isAbstract="false" namespace="Logical View">
       <UML:Classifier.feature>
        <UML:Attribute xmi.id="bhTkKJEF3GvU" name="book" isSpecification="false" visibility="public" type="zNmiiUs9QTet"/>
        <UML:Attribute xmi.id="rJH4EkmK4Iqa" name="periodical" isSpecification="false" visibility="public" type="zNmiiUs9QTet"/>
        <UML:Attribute xmi.id="92LV9U2i9TQT" name="newspaper" isSpecification="false" visibility="public" type="zNmiiUs9QTet"/>
        <UML:Attribute xmi.id="mehnscFjuUn6" name="audio" isSpecification="false" visibility="public" type="zNmiiUs9QTet"/>
        <UML:Attribute xmi.id="CXQHqGpxHAQO" name="video" isSpecification="false" visibility="public" type="zNmiiUs9QTet"/>
        <UML:Attribute xmi.id="dS4mtUEf6vQy" name="num_media" isSpecification="false" visibility="public" type="zNmiiUs9QTet"/>
        <UML:Attribute xmi.id="XgfPARVNywem" name="new_attribute" isSpecification="false" visibility="public" type="ARjPcAnFapzS"/>
        <UML:Attribute xmi.id="JB7N6YJcCz1M" name="value" isSpecification="false" visibility="private" type="zNmiiUs9QTet"/>
        <UML:Operation xmi.id="OVjKPL7XnoxN" name="Media" isQuery="false" isSpecification="false" visibility="public" isLeaf="false" isRoot="false" isAbstract="false">
         <UML:BehavioralFeature.parameter>
          <UML:Parameter xmi.id="yiaXYXzpj4Dp" name="val" isSpecification="false" visibility="private" value="" type="zNmiiUs9QTet"/>
         </UML:BehavioralFeature.parameter>
        </UML:Operation>
       </UML:Classifier.feature>
      </UML:Class>
      <UML:Class xmi.id="07YnQcESbKTF" name="main" isSpecification="false" visibility="public" isLeaf="false" isRoot="false" isAbstract="false" namespace="Logical View">
       <UML:Classifier.feature>
        <UML:Attribute xmi.id="TcihK8Yo3j6J" name="library" isSpecification="false" visibility="private" type="7ggduyQk6ehb"/>
        <UML:Attribute xmi.id="36W6ncPvmRk2" name="controller" isSpecification="false" visibility="private" type="qAEzVLIu7Ulk"/>
        <UML:Attribute xmi.id="FWt1xb3sNudD" name="win" isSpecification="false" visibility="private" type="oGD6p1HuiwVa"/>
        <UML:Operation xmi.id="vk4gTbOmEwVi" name="main" isQuery="false" isSpecification="false" visibility="public" isLeaf="false" isRoot="false" isAbstract="false">
         <UML:BehavioralFeature.parameter>
          <UML:Parameter xmi.id="8MWVWsCmM69Y" kind="return" type="zNmiiUs9QTet"/>
         </UML:BehavioralFeature.parameter>
        </UML:Operation>
       </UML:Classifier.feature>
      </UML:Class>
      <UML:Class xmi.id="PmCrf9vdETOf" name="Patron" isSpecification="false" visibility="public" isLeaf="false" isRoot="false" isAbstract="false" namespace="Logical View">
       <UML:Classifier.feature>
        <UML:Attribute xmi.id="15T5aoZUFjBH" name="name" isSpecification="false" visibility="private" type="3JsWVooNfoy5"/>
        <UML:Attribute xmi.id="LicR00VUMcYV" name="phone" isSpecification="false" visibility="private" type="3JsWVooNfoy5"/>
        <UML:Operation xmi.id="zMpxWaGWdjbD" name="Patron" isQuery="false" isSpecification="false" visibility="public" isLeaf="false" isRoot="false" isAbstract="false">
         <UML:BehavioralFeature.parameter>
          <UML:Parameter xmi.id="XAglsr2BYecY" name="patron_name" isSpecification="false" visibility="private" value="" type="3JsWVooNfoy5"/>
          <UML:Parameter xmi.id="c72ziYSftHaP" name="patron_phone" isSpecification="false" visibility="private" value="" type="3JsWVooNfoy5"/>
         </UML:BehavioralFeature.parameter>
        </UML:Operation>
       </UML:Classifier.feature>
      </UML:Class>
      <UML:Class xmi.id="qAEzVLIu7Ulk" name="Controller" isSpecification="false" visibility="public" isLeaf="false" isRoot="false" isAbstract="false" namespace="Logical View">
       <UML:Classifier.feature>
        <UML:Attribute xmi.id="F05isxEkAljR" name="library" isSpecification="false" visibility="private" type="RCHcvpZUJAqA"/>
        <UML:Attribute xmi.id="g2vYCgh87UPz" name="view" isSpecification="false" visibility="private" type="3mxaZZU9ZWi1"/>
        <UML:Operation xmi.id="AvdHvyNTbngq" name="Controller" isQuery="false" isSpecification="false" visibility="public" isLeaf="false" isRoot="false" isAbstract="false">
         <UML:BehavioralFeature.parameter>
          <UML:Parameter xmi.id="9VUyPqSA0Qfm" name="lib" isSpecification="false" visibility="private" value="" type="RCHcvpZUJAqA"/>
         </UML:BehavioralFeature.parameter>
        </UML:Operation>
        <UML:Operation xmi.id="OpN306K8zxQu" name="execute_cmd" isQuery="false" isSpecification="false" visibility="public" isLeaf="false" isRoot="false" isAbstract="false">
         <UML:BehavioralFeature.parameter>
          <UML:Parameter xmi.id="tlLUW2KfXmcu" name="cmd" isSpecification="false" visibility="private" value="" type="zNmiiUs9QTet"/>
         </UML:BehavioralFeature.parameter>
        </UML:Operation>
       </UML:Classifier.feature>
      </UML:Class>
      <UML:Class xmi.id="7ggduyQk6ehb" name="Library" isSpecification="false" visibility="public" isLeaf="false" isRoot="false" isAbstract="false" namespace="Logical View">
       <UML:Classifier.feature>
        <UML:Attribute xmi.id="pfTGILx5nRl5" name="publications" isSpecification="false" visibility="private" type="RPlhbYGOChcU"/>
        <UML:Attribute xmi.id="UdIWTA72BWf2" name="patrons" isSpecification="false" visibility="private" type="fNLBpIGpVh1R"/>
        <UML:Operation xmi.id="P1W86JIKAUjY" name="add_publication" isQuery="false" isSpecification="false" visibility="public" isLeaf="false" isRoot="false" isAbstract="false">
         <UML:BehavioralFeature.parameter>
          <UML:Parameter xmi.id="IBcWwnUzGKVP" name="pub" isSpecification="false" visibility="private" value="" type="MLPGQEHFTTLI"/>
         </UML:BehavioralFeature.parameter>
        </UML:Operation>
        <UML:Operation xmi.id="8SHYlToAUIGY" name="add_patron" isQuery="false" isSpecification="false" visibility="public" isLeaf="false" isRoot="false" isAbstract="false">
         <UML:BehavioralFeature.parameter>
          <UML:Parameter xmi.id="bWrkzYGHhqld" name="pat" isSpecification="false" visibility="private" value="" type="PmCrf9vdETOf"/>
         </UML:BehavioralFeature.parameter>
        </UML:Operation>
        <UML:Operation xmi.id="dGauY5HeWYCH" name="publication_to_string" isQuery="false" isSpecification="false" visibility="public" isLeaf="false" isRoot="false" isAbstract="false">
         <UML:BehavioralFeature.parameter>
          <UML:Parameter xmi.id="uRAj3cXN7JN4" kind="return" type="3JsWVooNfoy5"/>
          <UML:Parameter xmi.id="ISXozj3yiTQz" name="publication_index" isSpecification="false" visibility="private" value="" type="zNmiiUs9QTet"/>
         </UML:BehavioralFeature.parameter>
        </UML:Operation>
        <UML:Operation xmi.id="7QpFDQNYFkZu" name="patron_to_string" isQuery="false" isSpecification="false" visibility="public" isLeaf="false" isRoot="false" isAbstract="false">
         <UML:BehavioralFeature.parameter>
          <UML:Parameter xmi.id="UM74BOqL0AlK" kind="return" type="3JsWVooNfoy5"/>
          <UML:Parameter xmi.id="qEDDRO5hpcUo" name="patron_index" isSpecification="false" visibility="private" value="" type="zNmiiUs9QTet"/>
         </UML:BehavioralFeature.parameter>
        </UML:Operation>
        <UML:Operation xmi.id="MVm2yCz3aoHn" name="check_out" isQuery="false" isSpecification="false" visibility="public" isLeaf="false" isRoot="false" isAbstract="false"/>
        <UML:Operation xmi.id="CcKRMtKA5XNU" name="check_in" isQuery="false" isSpecification="false" visibility="public" isLeaf="false" isRoot="false" isAbstract="false"/>
       </UML:Classifier.feature>
      </UML:Class>
      <UML:Class xmi.id="oGD6p1HuiwVa" name="Main_window" isSpecification="false" visibility="public" isLeaf="false" isRoot="false" isAbstract="false" namespace="Logical View">
       <UML:Classifier.feature>
        <UML:Attribute xmi.id="ZhYALbssTeuh" name="*controller" isSpecification="false" visibility="private" type="qAEzVLIu7Ulk"/>
        <UML:Operation xmi.id="sg4z8TwXJAeV" name="Main_window" isQuery="false" isSpecification="false" visibility="public" isLeaf="false" isRoot="false" isAbstract="false">
         <UML:BehavioralFeature.parameter>
          <UML:Parameter xmi.id="ID3ZLh5bmMu6" name="*con" isSpecification="false" visibility="private" value="" type="qAEzVLIu7Ulk"/>
         </UML:BehavioralFeature.parameter>
        </UML:Operation>
        <UML:Operation xmi.id="fQaEnZXtrKkK" name="on_list_pub_click" isQuery="false" isSpecification="false" visibility="protected" isLeaf="false" isRoot="false" isAbstract="false"/>
        <UML:Operation xmi.id="3VeTJuzZ709S" name="on_add_pub_click" isQuery="false" isSpecification="false" visibility="protected" isLeaf="false" isRoot="false" isAbstract="false"/>
        <UML:Operation xmi.id="gE1SYtWBJ6P5" name="on_checkout_pub_click" isQuery="false" isSpecification="false" visibility="protected" isLeaf="false" isRoot="false" isAbstract="false"/>
        <UML:Operation xmi.id="gxyVFjpICRlT" name="on_checkin_pub_click" isQuery="false" isSpecification="false" visibility="protected" isLeaf="false" isRoot="false" isAbstract="false"/>
        <UML:Operation xmi.id="Mi3RhAsNMtnu" name="on_list_patron_click" isQuery="false" isSpecification="false" visibility="protected" isLeaf="false" isRoot="false" isAbstract="false"/>
        <UML:Operation xmi.id="nJ64PT93O8Wd" name="on_add_patron_click" isQuery="false" isSpecification="false" visibility="protected" isLeaf="false" isRoot="false" isAbstract="false"/>
        <UML:Operation xmi.id="pMwzlfS7MTZ3" name="on_help_click" isQuery="false" isSpecification="false" visibility="protected" isLeaf="false" isRoot="false" isAbstract="false"/>
        <UML:Operation xmi.id="dRQxIDq5Uu8r" name="on_quit_click" isQuery="false" isSpecification="false" visibility="public" isLeaf="false" isRoot="false" isAbstract="false"/>
       </UML:Classifier.feature>
      </UML:Class>
      <UML:Class xmi.id="MLPGQEHFTTLI" name="Publication" isSpecification="false" visibility="public" isLeaf="false" isRoot="false" isAbstract="false" namespace="Logical View">
       <UML:Classifier.feature>
        <UML:Attribute xmi.id="1ycw5AMPUjdu" name="title" isSpecification="false" visibility="private" type="3JsWVooNfoy5"/>
        <UML:Attribute xmi.id="vt9OKSgm3qvX" name="author" isSpecification="false" visibility="private" type="3JsWVooNfoy5"/>
        <UML:Attribute xmi.id="Vbw5cIDbHnYK" name="copy_right" isSpecification="false" visibility="private" type="3JsWVooNfoy5"/>
        <UML:Attribute xmi.id="ysjSZKKUDUtX" name="genre" isSpecification="false" visibility="private" type="WzrAnpDaWjV3"/>
        <UML:Attribute xmi.id="IaMU4DzwkHu4" name="media" isSpecification="false" visibility="private" type="2z82fJWAGLI1"/>
        <UML:Attribute xmi.id="oKMWaGb2bVHJ" name="target_age" isSpecification="false" visibility="private" type="pjVxW2v9KIzC"/>
        <UML:Attribute xmi.id="gaHF3ZYLQGUu" name="isbn" isSpecification="false" visibility="private" type="3JsWVooNfoy5"/>
        <UML:Attribute xmi.id="INPwrI88NCm4" name="check_out" isSpecification="false" visibility="private" type="g7bRUYeUuQCc"/>
        <UML:Attribute xmi.id="YqWDGVSw3i94" name="patron_name" isSpecification="false" visibility="private" type="3JsWVooNfoy5"/>
        <UML:Attribute xmi.id="HiPfwraCFx86" name="patron_phone" isSpecification="false" visibility="private" type="3JsWVooNfoy5"/>
        <UML:Operation xmi.id="DFCbRydxp995" name="Publication" isQuery="false" isSpecification="false" visibility="public" isLeaf="false" isRoot="false" isAbstract="false">
         <UML:BehavioralFeature.parameter>
          <UML:Parameter xmi.id="db0eJ9jYp6Ek" name="title" isSpecification="false" visibility="private" value="" type="3JsWVooNfoy5"/>
          <UML:Parameter xmi.id="ymwDj3HxITWh" name="author" isSpecification="false" visibility="private" value="" type="3JsWVooNfoy5"/>
          <UML:Parameter xmi.id="P9cEGlItLIYc" name="copyright" isSpecification="false" visibility="private" value="" type="3JsWVooNfoy5"/>
          <UML:Parameter xmi.id="PH9DNLxJ7tUo" name="genre" isSpecification="false" visibility="private" value="" type="WzrAnpDaWjV3"/>
          <UML:Parameter xmi.id="ujjAADraMUmd" name="media" isSpecification="false" visibility="private" value="" type="2z82fJWAGLI1"/>
          <UML:Parameter xmi.id="D4UYK0BiFKvd" name="age" comment="&#x9;&#x9;" isSpecification="false" visibility="private" value="" type="pjVxW2v9KIzC"/>
          <UML:Parameter xmi.id="fsukjPWc8GmJ" name="isbn" isSpecification="false" visibility="private" value="" type="3JsWVooNfoy5"/>
         </UML:BehavioralFeature.parameter>
        </UML:Operation>
        <UML:Operation xmi.id="Rero6dPHgrq0" name="checkout" isQuery="false" isSpecification="false" visibility="public" isLeaf="false" isRoot="false" isAbstract="false">
         <UML:BehavioralFeature.parameter>
          <UML:Parameter xmi.id="iiIyv2TiUsuW" kind="return" type="g7bRUYeUuQCc"/>
          <UML:Parameter xmi.id="szg7HbiuRbc9" name="patron_name" isSpecification="false" visibility="private" value="" type="3JsWVooNfoy5"/>
          <UML:Parameter xmi.id="08l6MXPo9GaD" name="patron_phone" isSpecification="false" visibility="private" value="" type="3JsWVooNfoy5"/>
         </UML:BehavioralFeature.parameter>
        </UML:Operation>
        <UML:Operation xmi.id="uzVYoJWgGDmX" name="checkin" isQuery="false" isSpecification="false" visibility="public" isLeaf="false" isRoot="false" isAbstract="false"/>
        <UML:Operation xmi.id="mSPE31L396AU" name="is_checked_out" isQuery="false" isSpecification="false" visibility="public" isLeaf="false" isRoot="false" isAbstract="false">
         <UML:BehavioralFeature.parameter>
          <UML:Parameter xmi.id="tDX1HfTqDlZz" kind="return" type="g7bRUYeUuQCc"/>
         </UML:BehavioralFeature.parameter>
        </UML:Operation>
        <UML:Operation xmi.id="bXIjmswepPCb" name="to_string" isQuery="false" isSpecification="false" visibility="public" isLeaf="false" isRoot="false" isAbstract="false">
         <UML:BehavioralFeature.parameter>
          <UML:Parameter xmi.id="bUbOtnzaVFYP" kind="return" type="3JsWVooNfoy5"/>
         </UML:BehavioralFeature.parameter>
        </UML:Operation>
       </UML:Classifier.feature>
      </UML:Class>
      <UML:Class xmi.id="3mxaZZU9ZWi1" name="View" isSpecification="false" visibility="public" isLeaf="false" isRoot="false" isAbstract="false" namespace="Logical View">
       <UML:Classifier.feature>
        <UML:Attribute xmi.id="qTEhNJJCe103" name="library" isSpecification="false" visibility="private" type="RCHcvpZUJAqA"/>
        <UML:Operation xmi.id="s5vd6Nv97qhe" name="View" isQuery="false" isSpecification="false" visibility="public" isLeaf="false" isRoot="false" isAbstract="false">
         <UML:BehavioralFeature.parameter>
          <UML:Parameter xmi.id="N9mwgUxsYmbK" name="library" isSpecification="false" visibility="private" value="" type="RCHcvpZUJAqA"/>
         </UML:BehavioralFeature.parameter>
        </UML:Operation>
        <UML:Operation xmi.id="RpuGgICYM7AQ" name="list_publication" isQuery="false" isSpecification="false" visibility="public" isLeaf="false" isRoot="false" isAbstract="false"/>
        <UML:Operation xmi.id="S3YXtFAGNuA1" name="select_publication" isQuery="false" isSpecification="false" visibility="public" isLeaf="false" isRoot="false" isAbstract="false"/>
        <UML:Operation xmi.id="M5tspUCGJ5Xx" name="list_patrons" isQuery="false" isSpecification="false" visibility="public" isLeaf="false" isRoot="false" isAbstract="false"/>
        <UML:Operation xmi.id="LjWhoe8EhgjY" name="select_patron" isQuery="false" isSpecification="false" visibility="public" isLeaf="false" isRoot="false" isAbstract="false"/>
        <UML:Operation xmi.id="ttoElwF8160p" name="select_genre" isQuery="false" isSpecification="false" visibility="public" isLeaf="false" isRoot="false" isAbstract="false"/>
        <UML:Operation xmi.id="YB5qGanbHHH3" name="select_age" isQuery="false" isSpecification="false" visibility="public" isLeaf="false" isRoot="false" isAbstract="false"/>
        <UML:Operation xmi.id="vNHa1z8squ7c" name="select_media" isQuery="false" isSpecification="false" visibility="public" isLeaf="false" isRoot="false" isAbstract="false"/>
        <UML:Operation xmi.id="qKkqRifxtin7" name="get_publications" isQuery="false" isSpecification="false" visibility="private" isLeaf="false" isRoot="false" isAbstract="false">
         <UML:BehavioralFeature.parameter>
          <UML:Parameter xmi.id="G6HJMIWUbP1L" kind="return" type="3JsWVooNfoy5"/>
         </UML:BehavioralFeature.parameter>
        </UML:Operation>
        <UML:Operation xmi.id="JZjYqyckLrKM" name="get_patrons" isQuery="false" isSpecification="false" visibility="private" isLeaf="false" isRoot="false" isAbstract="false">
         <UML:BehavioralFeature.parameter>
          <UML:Parameter xmi.id="8HmrTlmLPoIW" kind="return" type="3JsWVooNfoy5"/>
         </UML:BehavioralFeature.parameter>
        </UML:Operation>
        <UML:Operation xmi.id="axnHAxHgMUrm" name="help" isQuery="false" isSpecification="false" visibility="public" isLeaf="false" isRoot="false" isAbstract="false"/>
       </UML:Classifier.feature>
      </UML:Class>
      <UML:Class xmi.id="pny8ZlAq2rj7" name="Vector" isSpecification="false" visibility="public" isLeaf="false" isRoot="false" isAbstract="false" namespace="Logical View"/>
      <UML:Dependency xmi.id="3XXowItm4qub" name="" isSpecification="false" supplier="MLPGQEHFTTLI" visibility="public" namespace="Logical View" client="7ggduyQk6ehb"/>
      <UML:Dependency xmi.id="kfNKo7pGi5mC" name="" isSpecification="false" supplier="PmCrf9vdETOf" visibility="public" namespace="Logical View" client="7ggduyQk6ehb"/>
      <UML:Association xmi.id="Qgh30TW9H9tj" name="" isSpecification="false" visibility="public" namespace="Logical View">
       <UML:Association.connection>
        <UML:AssociationEnd xmi.id="O6miMml8FQpz" name="" isSpecification="false" isNavigable="true" visibility="public" changeability="changeable" aggregation="aggregate" type="7ggduyQk6ehb"/>
        <UML:AssociationEnd xmi.id="irWnnYRCC6DC" name="" isSpecification="false" isNavigable="true" visibility="public" changeability="changeable" aggregation="none" type="PmCrf9vdETOf"/>
       </UML:Association.connection>
      </UML:Association>
      <UML:Association xmi.id="kGLh6rGBFhQr" name="" isSpecification="false" visibility="public" namespace="Logical View">
       <UML:Association.connection>
        <UML:AssociationEnd xmi.id="UwBKGS8nh5RD" name="" isSpecification="false" isNavigable="true" visibility="public" changeability="changeable" aggregation="aggregate" type="7ggduyQk6ehb"/>
        <UML:AssociationEnd xmi.id="bO5iyCIhScMY" name="" isSpecification="false" isNavigable="true" visibility="public" changeability="changeable" aggregation="none" type="MLPGQEHFTTLI"/>
       </UML:Association.connection>
      </UML:Association>
      <UML:Class xmi.id="ARjPcAnFapzS" name="to_string" isSpecification="false" visibility="public" isLeaf="false" isRoot="false" isAbstract="false" namespace="Logical View"/>
     </UML:Namespace.ownedElement>
     <XMI.extension xmi.extender="umbrello">
      <diagrams>
       <diagram name="class diagram" documentation="" snapgrid="0" showopsig="1" localid="-1" canvaswidth="1609.63" showscope="1" font="Sans Serif,9,-1,5,50,0,0,0,0,0" showattribassocs="1" usefillcolor="1" isopen="1" showops="1" showattsig="1" xmi.id="tBoMSMV2lNxE" showstereotype="1" snapx="25" backgroundcolor="#ffffff" snapcsgrid="0" showatts="1" linewidth="0" showpackage="1" fillcolor="#ffff00" showpubliconly="0" snapy="25" canvasheight="2067.21" griddotcolor="#d3d3d3" type="1" textcolor="#000000" zoom="53.50250105473708" linecolor="#ff0000" showgrid="0">
        <widgets>
         <classwidget height="84" localid="mh8hgjsh0iBU" showscope="1" usesdiagramfillcolor="0" font="Sans Serif,9,-1,5,50,0,0,0,0,0" x="-274.547" usefillcolor="1" showattsigs="601" xmi.id="pjVxW2v9KIzC" showstereotype="1" usesdiagramusefillcolor="0" linewidth="0" y="282.667" width="104" showattributes="1" showpackage="1" fillcolor="#ffff00" showpubliconly="0" showoperations="1" isinstance="0" showopsigs="601" textcolor="#000000" linecolor="#ff0000"/>
         <classwidget height="84" localid="jPA3f7DRpL6T" showscope="1" usesdiagramfillcolor="0" font="Sans Serif,9,-1,5,50,0,0,0,0,0" x="-429.252" usefillcolor="1" showattsigs="601" xmi.id="WzrAnpDaWjV3" showstereotype="1" usesdiagramusefillcolor="0" linewidth="0" y="280.465" width="123" showattributes="1" showpackage="1" fillcolor="#ffff00" showpubliconly="0" showoperations="1" isinstance="0" showopsigs="601" textcolor="#000000" linecolor="#ff0000"/>
         <classwidget height="140" localid="8VZfC2ivRsw6" showscope="1" usesdiagramfillcolor="0" font="Sans Serif,9,-1,5,50,0,0,0,0,0" x="-639.564" usefillcolor="1" showattsigs="601" xmi.id="2z82fJWAGLI1" showstereotype="1" usesdiagramusefillcolor="0" linewidth="0" y="271.783" width="172" showattributes="1" showpackage="1" fillcolor="#ffff00" showpubliconly="0" showoperations="1" isinstance="0" showopsigs="601" textcolor="#000000" linecolor="#ff0000"/>
         <classwidget height="70" localid="bxNrJfqR8N6J" showscope="1" usesdiagramfillcolor="0" font="Sans Serif,9,-1,5,50,0,0,0,0,0" x="-860.321" usefillcolor="1" showattsigs="601" xmi.id="07YnQcESbKTF" showstereotype="1" usesdiagramusefillcolor="0" linewidth="0" y="-428.462" width="147" showattributes="1" showpackage="1" fillcolor="#ffff00" showpubliconly="0" showoperations="1" isinstance="0" showopsigs="601" textcolor="#000000" linecolor="#ff0000"/>
         <classwidget height="56" localid="4a7fuYsVWDKp" showscope="1" usesdiagramfillcolor="0" font="Sans Serif,9,-1,5,50,0,0,0,0,0" x="-997.217" usefillcolor="1" showattsigs="601" xmi.id="PmCrf9vdETOf" showstereotype="1" usesdiagramusefillcolor="0" linewidth="0" y="283.139" width="335" showattributes="1" showpackage="1" fillcolor="#ffff00" showpubliconly="0" showoperations="1" isinstance="0" showopsigs="601" textcolor="#000000" linecolor="#ff0000"/>
         <classwidget height="70" localid="bhLo8jTCHYqB" showscope="1" usesdiagramfillcolor="0" font="Sans Serif,9,-1,5,50,0,0,0,0,0" x="-1277.16" usefillcolor="1" showattsigs="601" xmi.id="qAEzVLIu7Ulk" showstereotype="1" usesdiagramusefillcolor="0" linewidth="0" y="-383.804" width="170" showattributes="1" showpackage="1" fillcolor="#ffff00" showpubliconly="0" showoperations="1" isinstance="0" showopsigs="601" textcolor="#000000" linecolor="#ff0000"/>
         <classwidget height="126" localid="xzW5SFn1u7p3" showscope="1" usesdiagramfillcolor="0" font="Sans Serif,9,-1,5,50,0,0,0,0,0" x="-947.544" usefillcolor="1" showattsigs="601" xmi.id="7ggduyQk6ehb" showstereotype="1" usesdiagramusefillcolor="0" linewidth="0" y="-146.155" width="337" showattributes="1" showpackage="1" fillcolor="#ffff00" showpubliconly="0" showoperations="1" isinstance="0" showopsigs="601" textcolor="#000000" linecolor="#ff0000"/>
         <classwidget height="154" localid="uvI1Z0aVx6YP" showscope="1" usesdiagramfillcolor="0" font="Sans Serif,9,-1,5,50,0,0,0,0,0" x="-879.004" usefillcolor="1" showattsigs="601" xmi.id="oGD6p1HuiwVa" showstereotype="1" usesdiagramusefillcolor="0" linewidth="0" y="-321.196" width="212" showattributes="1" showpackage="1" fillcolor="#ffff00" showpubliconly="0" showoperations="1" isinstance="0" showopsigs="601" textcolor="#000000" linecolor="#ff0000"/>
         <classwidget height="224" localid="SaC8WhiPa1O7" showscope="1" usesdiagramfillcolor="0" font="Sans Serif,9,-1,5,50,0,0,0,0,0" x="-873.507" usefillcolor="1" showattsigs="601" xmi.id="MLPGQEHFTTLI" showstereotype="1" usesdiagramusefillcolor="0" linewidth="0" y="25.8545" width="699" showattributes="1" showpackage="1" fillcolor="#ffff00" showpubliconly="0" showoperations="1" isinstance="0" showopsigs="601" textcolor="#000000" linecolor="#ff0000"/>
         <classwidget height="182" localid="E5qlohEcrsOv" showscope="1" usesdiagramfillcolor="0" font="Sans Serif,9,-1,5,50,0,0,0,0,0" x="-1361.08" usefillcolor="1" showattsigs="601" xmi.id="3mxaZZU9ZWi1" showstereotype="1" usesdiagramusefillcolor="0" linewidth="0" y="-150.32" width="172" showattributes="1" showpackage="1" fillcolor="#ffff00" showpubliconly="0" showoperations="1" isinstance="0" showopsigs="601" textcolor="#000000" linecolor="#ff0000"/>
        </widgets>
        <messages/>
        <associations>
         <assocwidget visibilityA="1" changeabilityA="900" usesdiagramfillcolor="0" font="Sans Serif,9,-1,5,50,0,0,0,0,0" usefillcolor="1" xmi.id="ysjSZKKUDUtX" indexa="1" usesdiagramusefillcolor="193" seqnum="" linewidth="0" totalcountb="2" changeabilityB="900" fillcolor="#ffff00" totalcounta="2" indexb="1" widgetbid="WzrAnpDaWjV3" visibilityB="1" type="510" textcolor="none" linecolor="#ff0000" widgetaid="MLPGQEHFTTLI">
          <linepath layout="Polyline">
           <startpoint startx="-431.724" starty="249.854"/>
           <endpoint endy="280.465" endx="-429.252"/>
          </linepath>
          <floatingtext height="18" pretext="-" localid="uXIxMDTroPvP" usesdiagramfillcolor="1" font="Sans Serif,9,-1,5,50,0,0,0,0,0" x="-501.379" role="710" usefillcolor="1" xmi.id="g6yxtUHpKyFt" showstereotype="1" posttext="" usesdiagramusefillcolor="1" linewidth="0" y="296.239" width="47" fillcolor="none" isinstance="0" text="genre" textcolor="none" linecolor="#ff0000"/>
         </assocwidget>
         <assocwidget visibilityA="1" changeabilityA="900" usesdiagramfillcolor="0" font="Sans Serif,9,-1,5,50,0,0,0,0,0" usefillcolor="1" xmi.id="IaMU4DzwkHu4" indexa="1" usesdiagramusefillcolor="112" seqnum="" linewidth="0" totalcountb="2" changeabilityB="900" fillcolor="#ffff00" totalcounta="2" indexb="1" widgetbid="2z82fJWAGLI1" visibilityB="1" type="510" textcolor="none" linecolor="#ff0000" widgetaid="MLPGQEHFTTLI">
          <linepath layout="Polyline">
           <startpoint startx="-642.036" starty="249.854"/>
           <endpoint endy="271.783" endx="-639.564"/>
          </linepath>
          <floatingtext height="18" pretext="-" localid="SNuHkpeQtaLk" usesdiagramfillcolor="1" font="Sans Serif,9,-1,5,50,0,0,0,0,0" x="-677.635" role="710" usefillcolor="1" xmi.id="3caNapFrNbLR" showstereotype="1" posttext="" usesdiagramusefillcolor="1" linewidth="0" y="307.981" width="50" fillcolor="none" isinstance="0" text="media" textcolor="none" linecolor="#ff0000"/>
         </assocwidget>
         <assocwidget visibilityA="1" changeabilityA="900" usesdiagramfillcolor="255" font="Sans Serif,9,-1,5,50,0,0,0,0,0" usefillcolor="1" xmi.id="oKMWaGb2bVHJ" indexa="1" usesdiagramusefillcolor="0" seqnum="" linewidth="0" totalcountb="2" changeabilityB="900" fillcolor="none" totalcounta="2" indexb="1" widgetbid="pjVxW2v9KIzC" visibilityB="1" type="510" textcolor="none" linecolor="#ff0000" widgetaid="MLPGQEHFTTLI">
          <linepath layout="Polyline">
           <startpoint startx="-274.547" starty="249.854"/>
           <endpoint endy="282.667" endx="-274.547"/>
          </linepath>
          <floatingtext height="18" pretext="-" localid="ItiBU3vXeTsE" usesdiagramfillcolor="1" font="Sans Serif,9,-1,5,50,0,0,0,0,0" x="-284.719" role="710" usefillcolor="1" xmi.id="J73ggO6UhSzF" showstereotype="1" posttext="" usesdiagramusefillcolor="1" linewidth="0" y="337.049" width="77" fillcolor="none" isinstance="0" text="target_age" textcolor="none" linecolor="#ff0000"/>
         </assocwidget>
         <assocwidget visibilityA="1" changeabilityA="900" usesdiagramfillcolor="0" font="Sans Serif,9,-1,5,50,0,0,0,0,0" usefillcolor="1" xmi.id="F05isxEkAljR" indexa="1" usesdiagramusefillcolor="0" seqnum="" linewidth="0" totalcountb="2" changeabilityB="900" fillcolor="#ffff00" totalcounta="2" indexb="1" widgetbid="7ggduyQk6ehb" visibilityB="1" type="501" textcolor="none" linecolor="#ff0000" widgetaid="qAEzVLIu7Ulk">
          <linepath layout="Polyline">
           <startpoint startx="-1107.16" starty="-313.804"/>
           <endpoint endy="-146.155" endx="-947.544"/>
          </linepath>
          <floatingtext height="18" pretext="" localid="vnkQ3HnIHsy7" usesdiagramfillcolor="1" font="Sans Serif,9,-1,5,50,0,0,0,0,0" x="-1004.24" role="702" usefillcolor="1" xmi.id="nCpxwWMNicxb" showstereotype="1" posttext="" usesdiagramusefillcolor="1" linewidth="0" y="-154.299" width="31" fillcolor="none" isinstance="0" text="0..1" textcolor="none" linecolor="#ff0000"/>
          <floatingtext height="18" pretext="-" localid="RU5ietsZhbxk" usesdiagramfillcolor="1" font="Sans Serif,9,-1,5,50,0,0,0,0,0" x="-1099.65" role="710" usefillcolor="1" xmi.id="sl07bzCP92K5" showstereotype="1" posttext="" usesdiagramusefillcolor="1" linewidth="0" y="-61.3986" width="51" fillcolor="none" isinstance="0" text="library" textcolor="none" linecolor="#ff0000"/>
         </assocwidget>
         <assocwidget visibilityA="1" changeabilityA="900" usesdiagramfillcolor="0" font="Sans Serif,9,-1,5,50,0,0,0,0,0" usefillcolor="1" xmi.id="qTEhNJJCe103" indexa="1" usesdiagramusefillcolor="224" seqnum="" linewidth="0" totalcountb="2" changeabilityB="900" fillcolor="#ffff00" totalcounta="2" indexb="1" widgetbid="7ggduyQk6ehb" visibilityB="1" type="501" textcolor="none" linecolor="#ff0000" widgetaid="3mxaZZU9ZWi1">
          <linepath layout="Polyline">
           <startpoint startx="-1189.08" starty="-49.8171"/>
           <endpoint endy="-49.8171" endx="-947.544"/>
          </linepath>
          <floatingtext height="18" pretext="" localid="jf0dLmicLPBB" usesdiagramfillcolor="1" font="Sans Serif,9,-1,5,50,0,0,0,0,0" x="-984" role="702" usefillcolor="1" xmi.id="NnvieE2ThFA2" showstereotype="1" posttext="" usesdiagramusefillcolor="1" linewidth="0" y="-16" width="31" fillcolor="none" isinstance="0" text="0..1" textcolor="none" linecolor="#ff0000"/>
          <floatingtext height="18" pretext="-" localid="YREASED9rCkB" usesdiagramfillcolor="1" font="Sans Serif,9,-1,5,50,0,0,0,0,0" x="-1038.43" role="710" usefillcolor="1" xmi.id="yTnJswSGjMwM" showstereotype="1" posttext="" usesdiagramusefillcolor="1" linewidth="0" y="1.18292" width="51" fillcolor="none" isinstance="0" text="library" textcolor="none" linecolor="#ff0000"/>
         </assocwidget>
         <assocwidget visibilityA="1" changeabilityA="900" usesdiagramfillcolor="0" font="Sans Serif,9,-1,5,50,0,0,0,0,0" usefillcolor="1" xmi.id="g2vYCgh87UPz" indexa="1" usesdiagramusefillcolor="155" seqnum="" linewidth="0" totalcountb="2" changeabilityB="900" fillcolor="#ffff00" totalcounta="2" indexb="1" widgetbid="3mxaZZU9ZWi1" visibilityB="1" type="510" textcolor="none" linecolor="#ff0000" widgetaid="qAEzVLIu7Ulk">
          <linepath layout="Polyline">
           <startpoint startx="-1230.19" starty="-313.804"/>
           <endpoint endy="-150.32" endx="-1230.19"/>
          </linepath>
          <floatingtext height="18" pretext="-" localid="RsD8E8Sm5F1D" usesdiagramfillcolor="1" font="Sans Serif,9,-1,5,50,0,0,0,0,0" x="-1254.29" role="710" usefillcolor="1" xmi.id="AItWmiITlEzv" showstereotype="1" posttext="" usesdiagramusefillcolor="1" linewidth="0" y="-111.631" width="40" fillcolor="none" isinstance="0" text="view" textcolor="none" linecolor="#ff0000"/>
         </assocwidget>
         <assocwidget visibilityA="1" changeabilityA="900" usesdiagramfillcolor="0" font="Sans Serif,9,-1,5,50,0,0,0,0,0" usefillcolor="1" xmi.id="ZhYALbssTeuh" indexa="1" usesdiagramusefillcolor="0" seqnum="" linewidth="0" totalcountb="2" changeabilityB="900" fillcolor="#ffff00" totalcounta="2" indexb="1" widgetbid="qAEzVLIu7Ulk" visibilityB="1" type="510" textcolor="none" linecolor="#ff0000" widgetaid="oGD6p1HuiwVa">
          <linepath layout="Polyline">
           <startpoint startx="-879.004" starty="-321.196"/>
           <endpoint endy="-321.196" endx="-1107.16"/>
          </linepath>
          <floatingtext height="18" pretext="-" localid="nUWhHQ2vIlo2" usesdiagramfillcolor="1" font="Sans Serif,9,-1,5,50,0,0,0,0,0" x="-1094.48" role="710" usefillcolor="1" xmi.id="JJit7afeIEnb" showstereotype="1" posttext="" usesdiagramusefillcolor="1" linewidth="0" y="-274.027" width="76" fillcolor="none" isinstance="0" text="*controller" textcolor="none" linecolor="#ff0000"/>
         </assocwidget>
         <assocwidget xmi.id="Qgh30TW9H9tj" totalcountb="2" textcolor="none" usesdiagramfillcolor="0" font="Sans Serif,9,-1,5,50,0,0,0,0,0" indexb="1" widgetbid="PmCrf9vdETOf" seqnum="" linecolor="#ff0000" indexa="1" linewidth="0" widgetaid="7ggduyQk6ehb" usefillcolor="1" totalcounta="2" usesdiagramusefillcolor="128" type="501" fillcolor="#ffff00">
          <linepath layout="Polyline">
           <startpoint startx="-925.297" starty="-20.1549"/>
           <endpoint endy="283.139" endx="-925.297"/>
          </linepath>
         </assocwidget>
         <assocwidget xmi.id="kGLh6rGBFhQr" totalcountb="2" textcolor="none" usesdiagramfillcolor="127" font="Sans Serif,9,-1,5,50,0,0,0,0,0" indexb="1" widgetbid="MLPGQEHFTTLI" seqnum="" linecolor="#ff0000" indexa="1" linewidth="0" widgetaid="7ggduyQk6ehb" usefillcolor="1" totalcounta="2" usesdiagramusefillcolor="255" type="501" fillcolor="none">
          <linepath layout="Polyline">
           <startpoint startx="-811.166" starty="-20.1549"/>
           <endpoint endy="25.8545" endx="-811.166"/>
          </linepath>
         </assocwidget>
         <assocwidget visibilityA="1" changeabilityA="900" usesdiagramfillcolor="0" font="Sans Serif,9,-1,5,50,0,0,0,0,0" usefillcolor="1" xmi.id="TcihK8Yo3j6J" indexa="1" usesdiagramusefillcolor="214" seqnum="" linewidth="0" totalcountb="2" changeabilityB="900" fillcolor="#ffff00" totalcounta="2" indexb="1" widgetbid="7ggduyQk6ehb" visibilityB="1" type="510" textcolor="none" linecolor="#ff0000" widgetaid="07YnQcESbKTF">
          <linepath layout="Polyline">
           <startpoint startx="-713.321" starty="-358.462"/>
           <endpoint endy="-146.155" endx="-713.321"/>
          </linepath>
          <floatingtext height="18" pretext="-" localid="9C4rFT2rs5Zo" usesdiagramfillcolor="1" font="Sans Serif,9,-1,5,50,0,0,0,0,0" x="-768.503" role="710" usefillcolor="1" xmi.id="HqViSsGtSwak" showstereotype="1" posttext="" usesdiagramusefillcolor="1" linewidth="0" y="-166.155" width="51" fillcolor="none" isinstance="0" text="library" textcolor="none" linecolor="#ff0000"/>
         </assocwidget>
         <assocwidget visibilityA="1" changeabilityA="900" usesdiagramfillcolor="0" font="Sans Serif,9,-1,5,50,0,0,0,0,0" usefillcolor="1" xmi.id="36W6ncPvmRk2" indexa="1" usesdiagramusefillcolor="0" seqnum="" linewidth="0" totalcountb="2" changeabilityB="900" fillcolor="#ffff00" totalcounta="2" indexb="1" widgetbid="qAEzVLIu7Ulk" visibilityB="1" type="510" textcolor="none" linecolor="#ff0000" widgetaid="07YnQcESbKTF">
          <linepath layout="Polyline">
           <startpoint startx="-860.321" starty="-368.973"/>
           <endpoint endy="-368.973" endx="-1107.16"/>
          </linepath>
          <floatingtext height="18" pretext="-" localid="vmtnrQb7E5pe" usesdiagramfillcolor="1" font="Sans Serif,9,-1,5,50,0,0,0,0,0" x="-1099.5" role="710" usefillcolor="1" xmi.id="v3WN0683Be9y" showstereotype="1" posttext="" usesdiagramusefillcolor="1" linewidth="0" y="-377.938" width="70" fillcolor="none" isinstance="0" text="controller" textcolor="none" linecolor="#ff0000"/>
         </assocwidget>
         <assocwidget visibilityA="1" changeabilityA="900" usesdiagramfillcolor="0" font="Sans Serif,9,-1,5,50,0,0,0,0,0" usefillcolor="1" xmi.id="FWt1xb3sNudD" indexa="1" usesdiagramusefillcolor="0" seqnum="" linewidth="0" totalcountb="2" changeabilityB="900" fillcolor="#ffff00" totalcounta="2" indexb="1" widgetbid="oGD6p1HuiwVa" visibilityB="1" type="510" textcolor="none" linecolor="#ff0000" widgetaid="07YnQcESbKTF">
          <linepath layout="Polyline">
           <startpoint startx="-713.321" starty="-358.462"/>
           <endpoint endy="-321.196" endx="-713.321"/>
          </linepath>
          <floatingtext height="18" pretext="-" localid="JFIXI7CDAia8" usesdiagramfillcolor="1" font="Sans Serif,9,-1,5,50,0,0,0,0,0" x="-753.503" role="710" usefillcolor="1" xmi.id="mi9vLGsamjZi" showstereotype="1" posttext="" usesdiagramusefillcolor="1" linewidth="0" y="-381.654" width="33" fillcolor="none" isinstance="0" text="win" textcolor="none" linecolor="#ff0000"/>
         </assocwidget>
        </associations>
       </diagram>
      </diagrams>
     </XMI.extension>
    </UML:Model>
    <UML:Model xmi.id="Use Case View" name="Use Case View" isSpecification="false" visibility="public" isLeaf="false" isRoot="false" isAbstract="false" namespace="m1">
     <UML:Namespace.ownedElement/>
    </UML:Model>
    <UML:Model xmi.id="Component View" name="Component View" isSpecification="false" visibility="public" isLeaf="false" isRoot="false" isAbstract="false" namespace="m1">
     <UML:Namespace.ownedElement/>
    </UML:Model>
    <UML:Model xmi.id="Deployment View" name="Deployment View" isSpecification="false" visibility="public" isLeaf="false" isRoot="false" isAbstract="false" namespace="m1">
     <UML:Namespace.ownedElement/>
    </UML:Model>
    <UML:Model xmi.id="Entity Relationship Model" name="Entity Relationship Model" isSpecification="false" visibility="public" isLeaf="false" isRoot="false" isAbstract="false" namespace="m1">
     <UML:Namespace.ownedElement/>
    </UML:Model>
   </UML:Namespace.ownedElement>
  </UML:Model>
 </XMI.content>
 <XMI.extensions xmi.extender="umbrello">
  <docsettings viewid="tBoMSMV2lNxE" documentation="" uniqueid="8eqevM5aFBk6"/>
  <listview>
   <listitem open="1" id="Views" type="800">
    <listitem open="1" id="Component View" type="821"/>
    <listitem open="1" id="Deployment View" type="827"/>
    <listitem open="1" id="Entity Relationship Model" type="836"/>
    <listitem open="1" id="Logical View" type="801">
     <listitem open="1" id="pjVxW2v9KIzC" type="813">
      <listitem open="0" id="I3oJ6FCmVHYT" type="814"/>
      <listitem open="0" id="kaqttw7CzvT5" type="815"/>
      <listitem open="0" id="gI6mxOMfW1pw" type="814"/>
      <listitem open="0" id="fs6Ctt6Pm6NT" type="814"/>
      <listitem open="0" id="Xu2yheCM8L8G" type="814"/>
     </listitem>
     <listitem open="0" label="class diagram" id="tBoMSMV2lNxE" type="807"/>
     <listitem open="1" id="qAEzVLIu7Ulk" type="813">
      <listitem open="0" id="AvdHvyNTbngq" type="815"/>
      <listitem open="0" id="OpN306K8zxQu" type="815"/>
      <listitem open="0" id="F05isxEkAljR" type="814"/>
      <listitem open="0" id="g2vYCgh87UPz" type="814"/>
     </listitem>
     <listitem open="1" id="Datatypes" type="830">
      <listitem open="1" id="g7bRUYeUuQCc" type="829"/>
      <listitem open="1" id="KpV3QxYH8KbY" type="829"/>
      <listitem open="1" id="xccJ39Mhamcr" type="829"/>
      <listitem open="1" id="dOsjiUINbto3" type="829"/>
      <listitem open="1" id="t4jJVNApCgqb" type="829"/>
      <listitem open="1" id="zNmiiUs9QTet" type="829"/>
      <listitem open="1" id="RCHcvpZUJAqA" type="829"/>
      <listitem open="1" id="yB1ApqlQEcAv" type="829"/>
      <listitem open="1" id="PSXJrhtijc1C" type="829"/>
      <listitem open="1" id="3JsWVooNfoy5" type="829"/>
      <listitem open="1" id="6QGfH4igVEyK" type="829"/>
      <listitem open="1" id="dIOpuWkyuybB" type="829"/>
      <listitem open="1" id="tr2bS1nQAnYy" type="829"/>
      <listitem open="1" id="fNLBpIGpVh1R" type="829"/>
      <listitem open="1" id="RPlhbYGOChcU" type="829"/>
     </listitem>
     <listitem open="1" id="WzrAnpDaWjV3" type="813">
      <listitem open="0" id="aUPmRP7puqAJ" type="814"/>
      <listitem open="0" id="P48tudtF5hIc" type="815"/>
      <listitem open="0" id="AFqv3lG0UqV0" type="814"/>
      <listitem open="0" id="gykansrv7gqA" type="814"/>
      <listitem open="0" id="LSp4W0s5VHrw" type="814"/>
     </listitem>
     <listitem open="1" id="7ggduyQk6ehb" type="813">
      <listitem open="0" id="8SHYlToAUIGY" type="815"/>
      <listitem open="0" id="P1W86JIKAUjY" type="815"/>
      <listitem open="0" id="CcKRMtKA5XNU" type="815"/>
      <listitem open="0" id="MVm2yCz3aoHn" type="815"/>
      <listitem open="0" id="7QpFDQNYFkZu" type="815"/>
      <listitem open="0" id="UdIWTA72BWf2" type="814"/>
      <listitem open="0" id="dGauY5HeWYCH" type="815"/>
      <listitem open="0" id="pfTGILx5nRl5" type="814"/>
     </listitem>
     <listitem open="1" id="07YnQcESbKTF" type="813">
      <listitem open="0" id="36W6ncPvmRk2" type="814"/>
      <listitem open="0" id="TcihK8Yo3j6J" type="814"/>
      <listitem open="0" id="vk4gTbOmEwVi" type="815"/>
      <listitem open="0" id="FWt1xb3sNudD" type="814"/>
     </listitem>
     <listitem open="1" id="oGD6p1HuiwVa" type="813">
      <listitem open="0" id="ZhYALbssTeuh" type="814"/>
      <listitem open="0" id="sg4z8TwXJAeV" type="815"/>
      <listitem open="0" id="nJ64PT93O8Wd" type="815"/>
      <listitem open="0" id="3VeTJuzZ709S" type="815"/>
      <listitem open="0" id="gxyVFjpICRlT" type="815"/>
      <listitem open="0" id="gE1SYtWBJ6P5" type="815"/>
      <listitem open="0" id="pMwzlfS7MTZ3" type="815"/>
      <listitem open="0" id="Mi3RhAsNMtnu" type="815"/>
      <listitem open="0" id="fQaEnZXtrKkK" type="815"/>
      <listitem open="0" id="dRQxIDq5Uu8r" type="815"/>
     </listitem>
     <listitem open="1" id="2z82fJWAGLI1" type="813">
      <listitem open="0" id="mehnscFjuUn6" type="814"/>
      <listitem open="0" id="bhTkKJEF3GvU" type="814"/>
      <listitem open="0" id="OVjKPL7XnoxN" type="815"/>
      <listitem open="0" id="XgfPARVNywem" type="814"/>
      <listitem open="0" id="92LV9U2i9TQT" type="814"/>
      <listitem open="0" id="dS4mtUEf6vQy" type="814"/>
      <listitem open="0" id="rJH4EkmK4Iqa" type="814"/>
      <listitem open="0" id="JB7N6YJcCz1M" type="814"/>
      <listitem open="0" id="CXQHqGpxHAQO" type="814"/>
     </listitem>
     <listitem open="1" id="PmCrf9vdETOf" type="813">
      <listitem open="0" id="15T5aoZUFjBH" type="814"/>
      <listitem open="0" id="zMpxWaGWdjbD" type="815"/>
      <listitem open="0" id="LicR00VUMcYV" type="814"/>
     </listitem>
     <listitem open="0" id="MLPGQEHFTTLI" type="813">
      <listitem open="0" id="vt9OKSgm3qvX" type="814"/>
      <listitem open="0" id="INPwrI88NCm4" type="814"/>
      <listitem open="0" id="uzVYoJWgGDmX" type="815"/>
      <listitem open="0" id="Rero6dPHgrq0" type="815"/>
      <listitem open="0" id="Vbw5cIDbHnYK" type="814"/>
      <listitem open="0" id="ysjSZKKUDUtX" type="814"/>
      <listitem open="0" id="mSPE31L396AU" type="815"/>
      <listitem open="0" id="gaHF3ZYLQGUu" type="814"/>
      <listitem open="0" id="IaMU4DzwkHu4" type="814"/>
      <listitem open="0" id="YqWDGVSw3i94" type="814"/>
      <listitem open="0" id="HiPfwraCFx86" type="814"/>
      <listitem open="0" id="DFCbRydxp995" type="815"/>
      <listitem open="0" id="oKMWaGb2bVHJ" type="814"/>
      <listitem open="0" id="1ycw5AMPUjdu" type="814"/>
      <listitem open="0" id="bXIjmswepPCb" type="815"/>
     </listitem>
     <listitem open="1" id="ARjPcAnFapzS" type="813"/>
     <listitem open="1" id="pny8ZlAq2rj7" type="813"/>
     <listitem open="1" id="3mxaZZU9ZWi1" type="813">
      <listitem open="0" id="JZjYqyckLrKM" type="815"/>
      <listitem open="0" id="qKkqRifxtin7" type="815"/>
      <listitem open="0" id="axnHAxHgMUrm" type="815"/>
      <listitem open="0" id="qTEhNJJCe103" type="814"/>
      <listitem open="0" id="M5tspUCGJ5Xx" type="815"/>
      <listitem open="0" id="RpuGgICYM7AQ" type="815"/>
      <listitem open="0" id="YB5qGanbHHH3" type="815"/>
      <listitem open="0" id="ttoElwF8160p" type="815"/>
      <listitem open="0" id="vNHa1z8squ7c" type="815"/>
      <listitem open="0" id="LjWhoe8EhgjY" type="815"/>
      <listitem open="0" id="S3YXtFAGNuA1" type="815"/>
      <listitem open="0" id="s5vd6Nv97qhe" type="815"/>
     </listitem>
    </listitem>
    <listitem open="1" id="Use Case View" type="802"/>
   </listitem>
  </listview>
  <codegeneration>
   <codegenerator language="C++"/>
  </codegeneration>
 </XMI.extensions>
</XMI>
